{"cameraMode":{"drawMode":0,"name":"Shaded","section":"Shading Mode"},"sceneLighting":false,"audioPlay":false,"sceneViewState":{"showFog":true,"showMaterialUpdate":false,"showSkybox":false,"showFlares":true,"showImageEffects":true,"showParticleSystems":true,"showVisualEffectGraphs":true,"m_FxEnabled":true},"in2DMode":false,"pivot":{"x":12.828927040100098,"y":0.22966495156288148,"z":-3.553103446960449},"rotation":{"x":0.038141969591379169,"y":-0.9457182288169861,"z":0.29969409108161929,"w":0.12005072832107544},"size":3.43707013130188,"orthographic":false}