{"cameraMode":{"drawMode":1,"name":"Wireframe","section":"Shading Mode"},"sceneLighting":true,"audioPlay":false,"sceneViewState":{"showFog":true,"showMaterialUpdate":true,"showSkybox":true,"showFlares":true,"showImageEffects":true,"showParticleSystems":true},"in2DMode":false,"pivot":{"x":-1.502375602722168,"y":1.875412940979004,"z":4.489156723022461},"rotation":{"x":-0.049362052232027057,"y":-0.9426507353782654,"z":0.1616271734237671,"w":-0.2878773808479309},"size":19.864370346069337,"orthographic":false}